{
  "train_top1": [
    0,
    40.674599005251515,
    47.80752882665517
  ],
  "val_top1": [
    0,
    51.962890625,
    53.88671875
  ],
  "train_top5": [
    0,
    85.92783589265784,
    92.12616869868064
  ],
  "val_top5": [
    0,
    94.04296875
  ]
}